"location","original_location_code","state","state_abb","location_name","population","location_type","hsa_counties"
"denver","688","Colorado","CO","Denver, CO",2973329,"hsa_nci_id","Adams, Arapahoe, Clear Creek, Denver, Douglas, Elbert, Gilpin, Grand, Jefferson, Park, Summit"
"mesa","711","Colorado","CO","Mesa, CO",299744,"hsa_nci_id","Eagle, Garfield, Mesa, Pitkin, Rio Blanco"
"colorado-springs","754","Colorado","CO","Colorado Springs, CO",782138,"hsa_nci_id","Cheyenne, El Paso, Kit Carson, Lincoln, Teller"
"weld","760","Colorado","CO","Weld, CO",394726,"hsa_nci_id","Morgan, Washington, Weld, Yuma"
"boulder","795","Colorado","CO","Boulder, CO",405265,"hsa_nci_id","Boulder, Broomfield"
"larimer","796","Colorado","CO","Larimer, CO",367368,"hsa_nci_id","Larimer"
"colorado","All","Colorado","CO","Colorado",5862189,"hsa_nci_id",""
"savannah","143","Georgia","GA","Savannah, GA",539021,"hsa_nci_id","Bryan, Chatham, Effingham, Evans, Liberty, Long, Tattnall"
"floyd","154","Georgia","GA","Floyd, GA",340727,"hsa_nci_id","Bartow, Chattooga, Floyd, Gordon, Polk"
"hall","157","Georgia","GA","Hall, GA",412536,"hsa_nci_id","Banks, Dawson, Habersham, Hall, Lumpkin, Towns, Union, White"
"marietta","190","Georgia","GA","Marietta, GA",775208,"hsa_nci_id","Cobb"
"macon","193","Georgia","GA","Macon, GA",472054,"hsa_nci_id","Bibb, Bleckley, Crawford, Houston, Jones, Monroe, Peach, Pulaski, Taylor, Twiggs, Wilkinson"
"henry","825","Georgia","GA","Henry, GA",838085,"hsa_nci_id","Fayette, Forsyth, Henry, Rockdale, Walton"
"cherokee","826","Georgia","GA","Cherokee, GA",642780,"hsa_nci_id","Cherokee, Douglas, Paulding, Pickens"
"athens","829","Georgia","GA","Athens, GA",394840,"hsa_nci_id","Barrow, Clarke, Jackson, Madison, Oconee, Oglethorpe"
"south-augusta","830","Georgia","GA","South Augusta, GA",431256,"hsa_nci_id","Burke, Columbia, Jenkins, Lincoln, McDuffie, Richmond"
"columbus","893","Georgia","GA","Columbus, GA",273698,"hsa_nci_id","Chattahoochee, Harris, Marion, Muscogee, Schley, Stewart, Talbot, Webster"
"la-grange","894","Georgia","GA","La Grange, GA",255884,"hsa_nci_id","Coweta, Heard, Meriwether, Troup"
"georgia","All","Georgia","GA","Georgia",10940407,"hsa_nci_id",""
"indianapolis","275","Indiana","IN","Indianapolis, IN",1497411,"hsa_nci_id","Hendricks, Johnson, Marion, Morgan, Putnam, Rush, Shelby"
"indiana","All","Indiana","IN","Indiana",6851073,"hsa_nci_id",""
"bangor","17","Maine","ME","Bangor, ME",259764,"hsa_nci_id","Hancock, Penobscot, Piscataquis, Washington"
"portland","9","Maine","ME","Portland, ME",423214,"hsa_nci_id","Cumberland, Knox, Lincoln, Sagadahoc"
"maine","All","Maine","ME","Maine",1387817,"hsa_nci_id",""
"baltimore","16","Maryland","MD","Baltimore, MD",2628167,"hsa_nci_id","Anne Arundel, Baltimore, Calvert, Carroll, Howard"
"frederick","48","Maryland","MD","Frederick, MD",287048,"hsa_nci_id","Frederick"
"montgomery","869","Maryland","MD","Montgomery, MD",2311356,"hsa_nci_id","Charles, Montgomery, Prince Georges, St. Marys"
"harford","875","Maryland","MD","Harford, MD",368717,"hsa_nci_id","Cecil, Harford"
"maryland","All","Maryland","MD","Maryland",6206011,"hsa_nci_id",""
"worcester","101","Massachusetts","MA","Franklin & Worcester Counties, MA",938732,"hsa_nci_id","Franklin, Worcester"
"pittsfield","112","Massachusetts","MA","Berkshire County, MA",129430,"hsa_nci_id","Berkshire"
"boston","22","Massachusetts","MA","Boston Metro, South Shore, Cape & Islands, MA",3955727,"hsa_nci_id","Barnstable, Dukes, Middlesex, Nantucket, Norfolk, Plymouth, Suffolk"
"springfield","32","Massachusetts","MA","Hampden & Hampshire Counties, MA",624843,"hsa_nci_id","Hampden, Hampshire"
"new-bedford","68","Massachusetts","MA","Bristol County, MA",582270,"hsa_nci_id","Bristol"
"lynn","74","Massachusetts","MA","Essex County, MA",813054,"hsa_nci_id","Essex"
"massachusetts","All","Massachusetts","MA","Massachusetts",7044056,"hsa_nci_id",""
"st-paul","286","Minnesota","MN","St. Paul, MN",1322945,"hsa_nci_id","Chisago, Dakota, Ramsey, Washington"
"duluth","289","Minnesota","MN","Duluth, MN",339903,"hsa_nci_id","Carlton, Cook, Itasca, Koochiching, Lake, Pine, St. Louis"
"minneapolis","540","Minnesota","MN","Minneapolis, MN",2234188,"hsa_nci_id","Anoka, Carver, Hennepin, Le Sueur, McLeod, Scott, Sherburne, Sibley, Wright"
"st-cloud","588","Minnesota","MN","St. Cloud, MN",285750,"hsa_nci_id","Benton, Meeker, Morrison, Stearns, Todd"
"rochester","941","Minnesota","MN","Rochester, MN",356083,"hsa_nci_id","Dodge, Fillmore, Mower, Olmsted, Steele, Wabasha, Winona"
"minnesota","All","Minnesota","MN","Minnesota",5739445,"hsa_nci_id",""
"columbia","160","South Carolina","SC","Columbia, SC",785989,"hsa_nci_id","Fairfield, Lexington, Newberry, Richland"
"greenville","182","South Carolina","SC","Greenville, SC",973742,"hsa_nci_id","Anderson, Greenville, Oconee, Pickens"
"florence","184","South Carolina","SC","Florence, SC",299716,"hsa_nci_id","Chesterfield, Darlington, Florence, Marlboro, Williamsburg"
"charleston","212","South Carolina","SC","Charleston, SC",891304,"hsa_nci_id","Berkeley, Charleston, Colleton, Dorchester, Hampton"
"rock-hill","244","South Carolina","SC","Rock Hill, SC",325855,"hsa_nci_id","Chester, York"
"horry","246","South Carolina","SC","Horry, SC",447827,"hsa_nci_id","Georgetown, Horry"
"south-carolina","All","South Carolina","SC","South Carolina",5296225,"hsa_nci_id",""
"houston","408","Texas","TX","Houston, TX",6692543,"hsa_nci_id","Austin, Chambers, Fort Bend, Harris, Liberty, Montgomery, San Jacinto, Waller"
"san-antonio","410","Texas","TX","San Antonio, TX",2534291,"hsa_nci_id","Atascosa, Bandera, Bexar, Frio, Gonzales, Guadalupe, Kendall, La Salle, McMullen, Medina, Wilson, Zavala"
"beaumont","413","Texas","TX","Beaumont, TX",461885,"hsa_nci_id","Hardin, Jasper, Jefferson, Newton, Orange, Tyler"
"el-paso","415","Texas","TX","El Paso, TX",876410,"hsa_nci_id","Culberson, El Paso, Hudspeth, Loving"
"austin","425","Texas","TX","Austin, TX",2202332,"hsa_nci_id","Bastrop, Burnet, Lee, Llano, Travis, Williamson"
"dallas","453","Texas","TX","Dallas, TX",4453428,"hsa_nci_id","Collin, Dallas, Ellis, Hopkins, Hunt, Kaufman, Rains, Rockwall"
"tyler","441","Texas","TX","Tyler, TX",436212,"hsa_nci_id","Henderson, Smith, Van Zandt, Wood"
"texas","All","Texas","TX","Texas",30188424,"hsa_nci_id",""
"provo","703","Utah","UT","Provo, UT",785689,"hsa_nci_id","Juab, Millard, Sanpete, Sevier, Utah, Wayne"
"salt-lake-city","708","Utah","UT","Salt Lake City, UT",1412723,"hsa_nci_id","Duchesne, Salt Lake, Summit, Tooele, Uintah, Wasatch"
"ogden","744","Utah","UT","Ogden, UT",717251,"hsa_nci_id","Box Elder, Davis, Morgan, Rich, Weber"
"utah","All","Utah","UT","Utah",3392331,"hsa_nci_id",""
"roanoke","14","Virginia","VA","Roanoke, VA",513483,"hsa_nci_id","Amherst, Appomattox, Botetourt, Campbell, Craig, Floyd, Franklin, Lynchburg, Roanoke, Salem"
"virginia","All","Virginia","VA","Virginia",8705170,"hsa_nci_id",""
"nyc","94","New York","NY","NYC",8483844,"hsa_nci_id","Bronx, Kings, New York, Queens, Richmond"
"new-york","All","New York","NY","New York",19852366,"hsa_nci_id",""
"nenc","1","North Carolina","NC","Northeastern, NC",941963,"nc_flu_region_id","Beaufort, Bertie, Camden, Chowan, Craven, Currituck, Dare, Edgecombe, Gates, Greene, Halifax, Hertford, Hyde, Jones, Lenoir, Martin, Nash, Northampton, Pamlico, Pasquotank, Perquimans, Pitt, Tyrrell, Washington, Wilson"
"senc","2","North Carolina","NC","Southeastern, NC",848621,"nc_flu_region_id","Brunswick, Carteret, Columbus, Duplin, New Hanover, Onslow, Pender"
"fay-area","3","North Carolina","NC","Fayetteville Area, NC",1354230,"nc_flu_region_id","Bladen, Cumberland, Harnett, Hoke, Johnston, Lee, Moore, Richmond, Robeson, Sampson, Scotland, Wayne"
"rtp-area","4","North Carolina","NC","Research Triangle Park Area, NC",2177229,"nc_flu_region_id","Alamance, Chatham, Durham, Franklin, Granville, Orange, Person, Vance, Wake, Warren"
"triad-area","5","North Carolina","NC","Triad Area, NC",1764313,"nc_flu_region_id","Alleghany, Ashe, Caswell, Davidson, Davie, Forsyth, Guilford, Montgomery, Randolph, Rockingham, Stokes, Surry, Watauga, Wilkes, Yadkin"
"wnc","6","North Carolina","NC","Western, NC",1008573,"nc_flu_region_id","Avery, Buncombe, Burke, Caldwell, Cherokee, Clay, Graham, Haywood, Henderson, Jackson, Macon, Madison, McDowell, Mitchell, Polk, Rutherford, Swain, Transylvania, Yancey"
"clt-area","7","North Carolina","NC","Charlotte Area, NC",2748020,"nc_flu_region_id","Alexander, Anson, Cabarrus, Catawba, Cleveland, Gaston, Iredell, Lincoln, Mecklenburg, Rowan, Stanly, Union"
"north-carolina","All","North Carolina","NC","North Carolina",10842949,"nc_flu_region_id",""
"portland-or","689","Oregon","OR","Portland, OR",1924255,"hsa_nci_id","Clackamas, Clatsop, Columbia, Multnomah, Washington"
"salem","705","Oregon","OR","Salem, OR",547640,"hsa_nci_id","Marion, Polk, Yamhill"
"deschutes","719","Oregon","OR","Deschutes, OR",266798,"hsa_nci_id","Crook, Deschutes, Harney, Jefferson, Wheeler"
"eugene","782","Oregon","OR","Eugene, OR",496279,"hsa_nci_id","Douglas, Lane"
"medford","973","Oregon","OR","Medford, OR",310824,"hsa_nci_id","Jackson, Josephine"
"oregon","All","Oregon","OR","Oregon",4254293,"hsa_nci_id",""
"bay-area","","California","CA","Bay Area, CA",8539745,"ca_region_id","Alameda, Contra Costa, Marin, Monterey, Napa, San Benito, San Francisco, San Mateo, Santa Clara, Santa Cruz, Solano, Sonoma"
"central-california","","California","CA","Central California, CA",4431103,"ca_region_id","Calaveras, Fresno, Kern, Kings, Madera, Mariposa, Merced, San Joaquin, Stanislaus, Tulare, Tuolumne"
"greater-sierra-sacramento","","California","CA","Greater Sierra-Sacramento, CA",2979006,"ca_region_id","Alpine, Amador, Butte, Colusa, El Dorado, Nevada, Placer, Plumas, Sacramento, Sierra, Sutter, Yolo, Yuba"
"los-angeles","","California","CA","Los Angeles, CA",10014009,"ca_region_id","Los Angeles"
"rural-north","","California","CA","Rural North, CA",702489,"ca_region_id","Del Norte, Glenn, Humboldt, Lake, Lassen, Mendocino, Modoc, Shasta, Siskiyou, Tehama, Trinity"
"southern-california","","California","CA","Southern California, CA",12871871,"ca_region_id","Imperial, Inyo, Mono, Orange, Riverside, San Bernardino, San Diego, San Luis Obispo, Santa Barbara, Ventura"
"california","All","California","CA","California",39538223,"ca_region_id",""
